data
"{""lat"": 52.5119, ""lon"": 13.3262, ""timezone"": ""Europe/Berlin"", ""timestamp"": 1686577604, ""current_data"": {""dt"": 1686577554, ""sunrise"": 1686537838, ""sunset"": 1686598148, ""temp"": 299.62, ""feels_like"": 299.62, ""pressure"": 1011, ""humidity"": 31, ""dew_point"": 281.14, ""uvi"": 3.87, ""clouds"": 0, ""visibility"": 10000, ""wind_speed"": 5.14, ""wind_deg"": 80, ""weather"": [{""id"": 800, ""main"": ""Clear"", ""description"": ""Klarer Himmel"", ""icon"": ""01d""}]}}"
"{""lat"": 52.5119, ""lon"": 13.3262, ""timezone"": ""Europe/Berlin"", ""timestamp"": 1686577609, ""current_data"": {""dt"": 1686577609, ""sunrise"": 1686537838, ""sunset"": 1686598148, ""temp"": 299.6, ""feels_like"": 299.6, ""pressure"": 1011, ""humidity"": 31, ""dew_point"": 281.12, ""uvi"": 3.87, ""clouds"": 0, ""visibility"": 10000, ""wind_speed"": 5.14, ""wind_deg"": 80, ""weather"": [{""id"": 800, ""main"": ""Clear"", ""description"": ""Klarer Himmel"", ""icon"": ""01d""}]}}"
"{""lat"": 52.5119, ""lon"": 13.3262, ""timezone"": ""Europe/Berlin"", ""timestamp"": 1686577921, ""current_data"": {""dt"": 1686577921, ""sunrise"": 1686537838, ""sunset"": 1686598148, ""temp"": 299.67, ""feels_like"": 299.67, ""pressure"": 1011, ""humidity"": 30, ""dew_point"": 280.7, ""uvi"": 3.87, ""clouds"": 0, ""visibility"": 10000, ""wind_speed"": 5.14, ""wind_deg"": 80, ""weather"": [{""id"": 800, ""main"": ""Clear"", ""description"": ""Klarer Himmel"", ""icon"": ""01d""}]}}"
"{""lat"": 52.5119, ""lon"": 13.3262, ""timezone"": ""Europe/Berlin"", ""timestamp"": 1686577926, ""current_data"": {""dt"": 1686577926, ""sunrise"": 1686537838, ""sunset"": 1686598148, ""temp"": 299.67, ""feels_like"": 299.67, ""pressure"": 1011, ""humidity"": 30, ""dew_point"": 280.7, ""uvi"": 3.87, ""clouds"": 0, ""visibility"": 10000, ""wind_speed"": 5.14, ""wind_deg"": 80, ""weather"": [{""id"": 800, ""main"": ""Clear"", ""description"": ""Klarer Himmel"", ""icon"": ""01d""}]}}"
